﻿<?xml version="1.0" encoding="UTF-8" ?>
	  
<configuration>

  <appender name="DB" class="ch.qos.logback.classic.db.DBAppender">
    <connectionSource class="ch.qos.logback.core.db.DriverManagerConnectionSource">
      <driverClass>com.microsoft.sqlserver.jdbc.SQLServerDriver</driverClass>
      <url>jdbc:sqlserver://WKS-CST-19\SQLEXPRESS:1433;databaseName=loger</url>
      <user>trim</user>
      <password></password>
    </connectionSource>
  </appender>
    
	<root level="debug">
		<appender-ref ref="DB" />
	</root>

</configuration>